{
  "train_loss": [
    0.8494305570184448,
    0.7360058356950312,
    0.7240538262290719,
    0.6971825721823139,
    0.6705481259175289,
    0.6138742257047582,
    0.598552014356778,
    0.5824168228808745,
    0.595010757814219,
    0.5881394670333391,
    0.5861851079964343,
    0.6014250432267602,
    0.5229110892540143,
    0.5300923046874412,
    0.487207900594782,
    0.5239804212325885,
    0.5206404959346042,
    0.5355458163920744,
    0.5447201548535147,
    0.5054930518438787,
    0.486563840582047,
    0.4541944578106021,
    0.44815010733810473,
    0.43638769960329854,
    0.41432870777300845,
    0.40772625196863105,
    0.3957489359617969
  ],
  "train_acc": [
    0.7080405932864949,
    0.7521467603434816,
    0.739656518345043,
    0.7517564402810304,
    0.7540983606557377,
    0.765807962529274,
    0.7728337236533958,
    0.7771272443403591,
    0.7833723653395784,
    0.7837626854020296,
    0.7927400468384075,
    0.773224043715847,
    0.804839968774395,
    0.795472287275566,
    0.8145979703356753,
    0.8149882903981265,
    0.8021077283372365,
    0.8153786104605777,
    0.8064012490241999,
    0.8165495706479313,
    0.8212334113973458,
    0.8220140515222483,
    0.8302107728337237,
    0.8317720530835285,
    0.8423106947697112,
    0.8434816549570648,
    0.8508977361436377
  ],
  "val_loss": [
    0.9120669547054503,
    0.7709687989619043,
    0.6723517941104041,
    0.6853077510992686,
    0.6132131136125989,
    0.5384046087662379,
    0.6474043130874634,
    0.5187362200684018,
    0.5391645133495331,
    0.5888010578023063,
    0.5333742532465193,
    0.6148783051305347,
    0.5366566777229309,
    0.5694508602221807,
    0.5005956490834554,
    0.5013340844048394,
    0.5334243492947685,
    0.5172061125437418,
    0.5436877210934957,
    0.4673635744386249,
    0.532014873292711,
    0.4814816796117359,
    0.5570973555246989,
    0.4674479481246736,
    0.47861670619911617,
    0.47802989184856415,
    0.516805445154508
  ],
  "val_acc": [
    0.7090909090909091,
    0.72,
    0.7563636363636363,
    0.6927272727272727,
    0.7909090909090909,
    0.7963636363636364,
    0.7418181818181818,
    0.8127272727272727,
    0.7836363636363637,
    0.7527272727272727,
    0.82,
    0.7545454545454545,
    0.8072727272727273,
    0.7945454545454546,
    0.8236363636363636,
    0.8109090909090909,
    0.7945454545454546,
    0.8036363636363636,
    0.8072727272727273,
    0.84,
    0.8072727272727273,
    0.8345454545454546,
    0.8072727272727273,
    0.8309090909090909,
    0.8254545454545454,
    0.8381818181818181,
    0.8272727272727273
  ],
  "test_acc": 0.82,
  "test_loss": 0.5057258192035887,
  "misdiagnosis_rate": 0.18000000000000005,
  "best_val_acc": 0.84
}